https://www.hituji.jp/comret/info/tokyo/arakawa/bowhouse-minami-senju,荒川区,南千住駅,"￥58,000","￥10,000"
https://www.hituji.jp/comret/info/tokyo/ota/stylio-with-kamiikedai,大田区,西馬込駅,"￥39,000","￥15,000"
https://www.hituji.jp/comret/info/tokyo/ota/ryugujo-apartment,大田区,平和島駅,"￥45,000","￥15,000"
https://www.hituji.jp/comret/info/tokyo/hino/tamadaira-no-mori,日野市,豊田駅,"￥40,000","￥13,000"
https://www.hituji.jp/comret/info/tokyo/sumida/queen-residence-sumiyoshi,墨田区,住吉駅,"￥41,800","￥17,800"
https://www.hituji.jp/comret/info/tokyo/adachi/the-value-shared-hotel,足立区,竹ノ塚駅,"￥43,000","￥17,000"
https://www.hituji.jp/comret/info/tokyo/mitaka/niwaki-mitakadai,三鷹市,三鷹台駅,"￥59,000","￥15,000"
https://www.hituji.jp/comret/info/tokyo/fussa/social-residence-fussa,福生市,福生駅,"￥33,000","￥20,000"
https://www.hituji.jp/comret/info/tokyo/itabashi/rin-tokyo-itabashi,板橋区,板橋本町駅,"￥49,000","￥15,000"
https://www.hituji.jp/comret/info/tokyo/adachi/shareplace-gotanno,足立区,五反野駅,"￥49,000","￥16,500"
https://www.hituji.jp/comret/info/tokyo/adachi/couri-013-nishiarai,足立区,西新井駅,"￥35,000","￥17,000"
https://www.hituji.jp/comret/info/tokyo/itabashi/share-reside-itabashimaenocho,板橋区,志村坂上駅,"￥59,000","￥15,000"
https://www.hituji.jp/comret/info/tokyo/edogawa/arden-higashi-kasai,江戸川区,葛西駅,"￥55,000","￥12,000"
https://www.hituji.jp/comret/info/tokyo/edogawa/couverture-nishi-kasai,江戸川区,西葛西駅,"￥52,000","￥14,000"
https://www.hituji.jp/comret/info/tokyo/edogawa/share-residence-minami-koiwa,江戸川区,小岩駅,"￥38,800","￥17,800"
https://www.hituji.jp/comret/info/tokyo/sumida/couri-005-oshiage,墨田区,曳舟駅,"￥49,000","￥15,000"
https://www.hituji.jp/comret/info/tokyo/tama/amins-seiseki-sakuragaoka,多摩市,聖蹟桜ヶ丘駅,"￥30,000","￥15,000"
https://www.hituji.jp/comret/info/tokyo/musashino/marble-garden-musashi-sakai,武蔵野市,武蔵境駅,"￥48,000","￥12,000"
https://www.hituji.jp/comret/info/tokyo/adachi/kita-senju-park-view,足立区,北千住駅,"￥55,000","￥15,000"
https://www.hituji.jp/comret/info/tokyo/itabashi/share-residence-tokiwadai,板橋区,上板橋駅,"￥48,800","￥17,800"
https://www.hituji.jp/comret/info/tokyo/nakano/craft-pack-nakano,中野区,中野駅,"￥75,000",￥0
https://www.hituji.jp/comret/info/tokyo/koganei/comfort-higashi-koganei,小金井市,東小金井駅,"￥46,000","￥20,000"
https://www.hituji.jp/comret/info/tokyo/kodaira/share-residence-kokubunji,小平市,一橋学園駅,"￥43,800","￥17,800"
https://www.hituji.jp/comret/info/tokyo/adachi/field-pack-gotanno,足立区,五反野駅,"￥37,000","￥15,000"
https://www.hituji.jp/comret/info/tokyo/koto/share-residence-sumiyoshi,江東区,住吉駅,"￥41,800","￥17,800"
https://www.hituji.jp/comret/info/tokyo/ota/couri-018-omori-higashi,大田区,大森町駅,"￥45,000","￥17,000"
https://www.hituji.jp/comret/info/tokyo/kodaira/lykke-kodaira,小平市,小平駅,"￥42,000","￥13,000"
https://www.hituji.jp/comret/info/tokyo/edogawa/s3-house,江戸川区,京成小岩駅,"￥46,000","￥12,000"
https://www.hituji.jp/comret/info/tokyo/suginami/good-craft-nishiogi,杉並区,西荻窪駅,"￥50,000","￥12,000"
https://www.hituji.jp/comret/info/tokyo/itabashi/tokyo-gasshukujo,板橋区,板橋本町駅,"￥49,000","￥20,000"
https://www.hituji.jp/comret/info/tokyo/machida/machinomori-honmachida,町田市,町田駅,"￥46,000","￥5,980"
https://www.hituji.jp/comret/info/tokyo/suginami/ogikubo-share-house,杉並区,下井草駅,"￥45,000","￥10,000"
https://www.hituji.jp/comret/info/tokyo/suginami/couverture-nakano-fujimicho,杉並区,中野富士見町駅,"￥57,000","￥14,000"
https://www.hituji.jp/comret/info/tokyo/fuchu/will-fuchu,府中市,武蔵野台駅,"￥50,000","￥30,000"
https://www.hituji.jp/comret/info/tokyo/akishima/comfort-fussa-haijima,昭島市,拝島駅,"￥33,000","￥20,000"
https://www.hituji.jp/comret/info/tokyo/ota/terracecamp-senzoku-ike,大田区,洗足池駅,"￥54,000","￥15,000"
https://www.hituji.jp/comret/info/tokyo/kodaira/social-residence-hana-koganei,小平市,花小金井駅,"￥52,000","￥20,000"
https://www.hituji.jp/comret/info/tokyo/kodaira/domeal-hana-koganei-pedal,小平市,花小金井駅,"￥43,000","￥17,000"
https://www.hituji.jp/comret/info/tokyo/kodaira/dormys-hana-koganei,小平市,花小金井駅,"￥39,000","￥21,450"
https://www.hituji.jp/comret/info/tokyo/edogawa/commure-minamikoiwa,江戸川区,小岩駅,"￥54,000","￥22,800"
https://www.hituji.jp/comret/info/tokyo/suginami/share-lieto-suginami-honancho,杉並区,方南町駅,"￥45,800","￥17,800"
https://www.hituji.jp/comret/info/tokyo/itabashi/marble-itabashihoncho,板橋区,板橋本町駅,"￥49,000","￥10,000"
https://www.hituji.jp/comret/info/tokyo/tama/tama-nagayama-park-view,多摩市,京王永山駅,"￥49,000","￥16,000"
https://www.hituji.jp/comret/info/tokyo/mitaka/urban-house-kichijoji,三鷹市,三鷹台駅,"￥50,000","￥10,000"
https://www.hituji.jp/comret/info/tokyo/shinagawa/couri017-togoshi-ginza,品川区,戸越銀座駅,"￥55,000","￥15,000"
https://www.hituji.jp/comret/info/tokyo/katsushika/the-earth-kita-ayase,葛飾区,北綾瀬駅,"￥51,000","￥16,000"
https://www.hituji.jp/comret/info/tokyo/fuchu/wagaya-fuchu,府中市,東府中駅,"￥38,000","￥14,000"
https://www.hituji.jp/comret/info/tokyo/nerima/flat-share-iri-tobu-nerima-campus,練馬区,東武練馬駅,"￥48,000","￥14,000"
https://www.hituji.jp/comret/info/tokyo/toshima/couverture-ikebukuro-nishi,豊島区,椎名町駅,"￥49,000","￥14,000"
https://www.hituji.jp/comret/info/tokyo/chofu/share-apartment-chofu,調布市,つつじヶ丘駅,"￥43,000","￥26,000"
https://www.hituji.jp/comret/info/tokyo/itabashi/share-house-joy-tobu-nerima-13-b,板橋区,東武練馬駅,"￥29,900","￥11,500"
https://www.hituji.jp/comret/info/tokyo/ota/ciel-haneda,大田区,天空橋駅,"￥45,000","￥13,000"
https://www.hituji.jp/comret/info/tokyo/suginami/mint-fujimigaoka,杉並区,富士見ヶ丘駅,"￥49,000","￥12,000"
https://www.hituji.jp/comret/info/tokyo/nerima/rakuda-house-kamishakujii,練馬区,上石神井駅,"￥48,000","￥15,000"
https://www.hituji.jp/comret/info/tokyo/kokubunji/lemon,国分寺市,恋ヶ窪駅,"￥42,000","￥13,000"
https://www.hituji.jp/comret/info/tokyo/suginami/waraku-suginami,杉並区,西荻窪駅,"￥52,000","￥26,000"
https://www.hituji.jp/comret/info/tokyo/kita/begood-kitaakabane-ekimae,北区,北赤羽駅,"￥50,000","￥14,000"
https://www.hituji.jp/comret/info/tokyo/ota/sharehouse-serendipity-haneda,大田区,穴守稲荷駅,"￥49,000","￥13,000"
https://www.hituji.jp/comret/info/tokyo/suginami/mtk-green-garden,杉並区,久我山駅,"￥69,000","￥13,000"
https://www.hituji.jp/comret/info/tokyo/ota/craspire-tokyo,大田区,西馬込駅,"￥44,000","￥13,000"
https://www.hituji.jp/comret/info/tokyo/edogawa/arden-koiwa,江戸川区,京成小岩駅,"￥32,000","￥15,000"
https://www.hituji.jp/comret/info/tokyo/chofu/arden-chofu,調布市,柴崎駅,"￥36,000","￥12,000"
https://www.hituji.jp/comret/info/tokyo/setagaya/cozy-house-sakurajosui,世田谷区,桜上水駅,"￥51,000","￥14,000"
https://www.hituji.jp/comret/info/tokyo/edogawa/park-court-kasai,江戸川区,葛西駅,"￥41,800","￥12,800"
https://www.hituji.jp/comret/info/tokyo/shibuya/be-good-hatagaya,渋谷区,幡ヶ谷駅,"￥54,000","￥14,000"
https://www.hituji.jp/comret/info/tokyo/edogawa/kizuna-ya-share-house-canvas-kasai,江戸川区,葛西駅,"￥46,000","￥15,000"
https://www.hituji.jp/comret/info/tokyo/kodaira/rakuda-house-kodaira-eki-mae,小平市,小平駅,"￥50,000","￥15,000"
https://www.hituji.jp/comret/info/tokyo/suginami/be-share-koenji,杉並区,高円寺駅,"￥51,000","￥12,000"
https://www.hituji.jp/comret/info/tokyo/hino/hestia-forest-hirayama,日野市,平山城址公園駅,"￥28,000","￥12,000"
https://www.hituji.jp/comret/info/tokyo/ota/ai-kamata,大田区,雑色駅,"￥54,000","￥15,000"
https://www.hituji.jp/comret/info/tokyo/sumida/academic-house-kyojima-3choume,墨田区,小村井駅,"￥48,000","￥13,000"
https://www.hituji.jp/comret/info/tokyo/nakano/friendship-house,中野区,中野坂上駅,"￥49,500","￥10,000"
https://www.hituji.jp/comret/info/tokyo/shinagawa/friendship-house-oimachi,品川区,鮫洲駅,"￥49,400","￥10,000"
https://www.hituji.jp/comret/info/tokyo/ota/hokkai-house3,大田区,糀谷駅,"￥40,000","￥13,000"
https://www.hituji.jp/comret/info/tokyo/taito/share-house-iriya,台東区,入谷駅,"￥55,000","￥10,000"
https://www.hituji.jp/comret/info/tokyo/katsushika/do-min-go-ayase,葛飾区,綾瀬駅,"￥55,000","￥10,000"
https://www.hituji.jp/comret/info/tokyo/ota/sharelle-omori-2,大田区,平和島駅,"￥39,000","￥12,000"
https://www.hituji.jp/comret/info/tokyo/ota/chocomint-house,大田区,矢口渡駅,"￥50,000","￥15,000"
https://www.hituji.jp/comret/info/tokyo/kita/garden-terrace-oji,北区,王子駅,"￥35,000","￥2,000"
https://www.hituji.jp/comret/info/tokyo/nishitokyo/share-tanashi,西東京市,西武柳沢駅,"￥38,000","￥12,000"
https://www.hituji.jp/comret/info/tokyo/chofu/guest-house-chofu-tokyo,調布市,調布駅,"￥42,000","￥12,000"
https://www.hituji.jp/comret/info/tokyo/katsushika/sharehome-wizu-higashi-yotsugi,葛飾区,四ツ木駅,"￥49,000","￥15,000"
https://www.hituji.jp/comret/info/tokyo/shinjuku/jaf-shinjuku,新宿区,新宿三丁目駅,"￥50,000","￥15,000"
https://www.hituji.jp/comret/info/tokyo/ota/arden-kamata,大田区,京急蒲田駅,"￥43,000","￥18,000"
https://www.hituji.jp/comret/info/tokyo/setagaya/kyodo-guesthouse,世田谷区,経堂駅,"￥34,000","￥13,000"
https://www.hituji.jp/comret/info/tokyo/itabashi/casa-de-kei-narimasu,板橋区,地下鉄成増駅, -, -
https://www.hituji.jp/comret/info/tokyo/hachioji/share-house-syuhou,八王子市,京王八王子駅,"￥30,000","￥5,000"
https://www.hituji.jp/comret/info/tokyo/tachikawa/share-house-tachikawa-nishikicho,立川市,立川南駅,"￥44,000","￥25,000"
https://www.hituji.jp/comret/info/tokyo/ota/share-nishi-magome,大田区,西馬込駅,"￥38,000","￥14,000"
https://www.hituji.jp/comret/info/tokyo/itabashi/spica-residence-akatsuka,板橋区,西高島平駅,"￥20,800",￥0
https://www.hituji.jp/comret/info/tokyo/edogawa/quattro-kita-koiwa,江戸川区,江戸川駅,"￥45,000",￥0
https://www.hituji.jp/comret/info/tokyo/itabashi/share-house-joy-kami-itabashi-9,板橋区,上板橋駅,"￥31,900","￥11,500"
https://www.hituji.jp/comret/info/tokyo/mitaka/share-house-hidamari-mitaka,三鷹市,三鷹駅,"￥49,000","￥12,000"
https://www.hituji.jp/comret/info/tokyo/hino/premier-hino,日野市,豊田駅,"￥37,000","￥16,000"
https://www.hituji.jp/comret/info/tokyo/adachi/sakura-terrace-takenotsuka,足立区,竹ノ塚駅,"￥44,000","￥16,000"
https://www.hituji.jp/comret/info/tokyo/taito/ccc-story-okachimachi,台東区,御徒町駅,"￥50,000","￥15,000"
https://www.hituji.jp/comret/info/tokyo/kodaira/hestia-garden-ogawa,小平市,東大和市駅,"￥25,000","￥15,000"
https://www.hituji.jp/comret/info/tokyo/shinjuku/amico,新宿区,面影橋駅,"￥50,000","￥10,000"
https://www.hituji.jp/comret/info/tokyo/tachikawa/share-house-tachikawa-ichiban-cho,立川市,武蔵砂川駅,"￥37,000","￥12,000"
https://www.hituji.jp/comret/info/tokyo/arakawa/bamboo-nippori,荒川区,日暮里駅,"￥49,000","￥12,000"
https://www.hituji.jp/comret/info/tokyo/sumida/freshroom-ryogoku,墨田区,両国駅,"￥60,000","￥12,000"
https://www.hituji.jp/comret/info/tokyo/ota/haneda-sharehouse,大田区,大鳥居駅,"￥42,000","￥13,000"
https://www.hituji.jp/comret/info/tokyo/taito/monthly-ryokun-asakusa,台東区,浅草駅,"￥53,000","￥15,000"
https://www.hituji.jp/comret/info/tokyo/edogawa/arden-kasai,江戸川区,葛西駅,"￥33,000","￥15,000"
https://www.hituji.jp/comret/info/tokyo/arakawa/access-higashi-ogu,荒川区,赤土小学校前駅,"￥35,000","￥13,000"
https://www.hituji.jp/comret/info/tokyo/suginami/guest-house-shintoshin-suginami-koenji,杉並区,高円寺駅,"￥33,000","￥13,000"
https://www.hituji.jp/comret/info/tokyo/arakawa/square-house,荒川区,赤土小学校前駅,"￥40,000",￥0
https://www.hituji.jp/comret/info/tokyo/ota/sharelle-omori,大田区,大森海岸駅,"￥47,000","￥9,800"
https://www.hituji.jp/comret/info/tokyo/edogawa/quattro-minami-shinozaki,江戸川区,瑞江駅,"￥48,000",￥0
https://www.hituji.jp/comret/info/tokyo/edogawa/flat-share-koiwa-campus-2,江戸川区,京成小岩駅,"￥45,000","￥14,000"
https://www.hituji.jp/comret/info/tokyo/edogawa/cielo-grande-mizue,江戸川区,瑞江駅,"￥46,000","￥12,000"
https://www.hituji.jp/comret/info/tokyo/itabashi/flat-share-narimasu-campus,板橋区,成増駅,"￥53,000","￥14,000"
https://www.hituji.jp/comret/info/tokyo/katsushika/guesthouse-kameari,葛飾区,亀有駅,"￥42,000","￥13,000"
https://www.hituji.jp/comret/info/tokyo/ota/dream-kamata,大田区,京急蒲田駅,"￥45,000","￥16,000"
https://www.hituji.jp/comret/info/tokyo/adachi/sun-welta-kita-senju,足立区,牛田駅,"￥39,000","￥15,000"
https://www.hituji.jp/comret/info/tokyo/shinjuku/urban-life-naka-ochiai,新宿区,下落合駅,"￥45,000","￥12,000"
https://www.hituji.jp/comret/info/tokyo/ota/patrie-omori,大田区,平和島駅,"￥50,000","￥12,000"
https://www.hituji.jp/comret/info/tokyo/chofu/share-house-ryokun-chofu-sengawa,調布市,仙川駅,"￥48,000","￥12,000"
https://www.hituji.jp/comret/info/tokyo/nerima/magnolia-shakujii-koen,練馬区,石神井公園駅,"￥40,000","￥13,000"
https://www.hituji.jp/comret/info/tokyo/chofu/oz-kojimatixyou,調布市,調布駅,"￥35,000","￥15,000"
https://www.hituji.jp/comret/info/tokyo/kita/nishina-house-akabane,北区,志茂駅,"￥45,000","￥15,000"
https://www.hituji.jp/comret/info/tokyo/taito/camile,台東区,南千住駅,"￥45,000","￥10,000"
https://www.hituji.jp/comret/info/tokyo/kodaira/monthly-ryokun-kodaira-annex,小平市,青梅街道駅,"￥41,000","￥12,000"
https://www.hituji.jp/comret/info/tokyo/suginami/house-koenji-minami,杉並区,高円寺駅,"￥35,000","￥13,000"
https://www.hituji.jp/comret/info/tokyo/nerima/freshroom-tobu-nerima-2,練馬区,東武練馬駅,"￥40,000","￥8,000"
https://www.hituji.jp/comret/info/tokyo/koto/toyo-residence,江東区,東陽町駅,"￥48,000","￥5,000"
https://www.hituji.jp/comret/info/tokyo/setagaya/share-soliel-setagaya,世田谷区,上町駅,"￥46,000","￥12,000"
https://www.hituji.jp/comret/info/tokyo/setagaya/do-min-go-sakurashinmachi,世田谷区,上町駅,"￥39,000","￥12,000"
https://www.hituji.jp/comret/info/tokyo/taito/house-yanaka,台東区,千駄木駅,"￥43,000","￥14,000"
https://www.hituji.jp/comret/info/tokyo/shibuya/shintoshin-shibuya-tomigaya,渋谷区,代々木上原駅,"￥48,000","￥13,000"
https://www.hituji.jp/comret/info/tokyo/nakano/nakano-nogata-house,中野区,中野駅,"￥49,850","￥10,000"
https://www.hituji.jp/comret/info/tokyo/suginami/meidaimae-no-ie,杉並区,明大前駅, -, -
https://www.hituji.jp/comret/info/tokyo/adachi/fair-house-umejima,足立区,梅島駅,"￥27,800",実費
https://www.hituji.jp/comret/info/tokyo/suginami/be-good-daitabashi,杉並区,代田橋駅,"￥48,000","￥14,000"
https://www.hituji.jp/comret/info/tokyo/arakawa/flat-share-nippori-campus,荒川区,西日暮里駅,"￥51,000","￥12,000"
https://www.hituji.jp/comret/info/tokyo/adachi/sharehouse-hidamari-umejima2,足立区,梅島駅,"￥36,800","￥14,000"
https://www.hituji.jp/comret/info/tokyo/adachi/music-house,足立区,青井駅,"￥50,000","￥15,000"
https://www.hituji.jp/comret/info/tokyo/taito/bettak-ueno-okachimachi,台東区,新御徒町駅,"￥73,000","￥10,000"
https://www.hituji.jp/comret/info/tokyo/shinjuku/sophia-house-yotsuya,新宿区,四谷三丁目駅,"￥42,000","￥10,000"
https://www.hituji.jp/comret/info/tokyo/setagaya/parkside-sasazuka,世田谷区,笹塚駅,"￥49,000","￥12,000"
https://www.hituji.jp/comret/info/tokyo/toshima/freshroom-senkawa,豊島区,千川駅,"￥59,000","￥12,000"
https://www.hituji.jp/comret/info/tokyo/minato/mahalo-minamiazabu,港区,白金高輪駅,"￥68,000","￥15,000"
https://www.hituji.jp/comret/info/tokyo/arakawa/bamboo-nippori2,荒川区,日暮里駅,"￥52,000","￥12,000"
https://www.hituji.jp/comret/info/tokyo/shibuya/shintoshin-shibuya-sasazuka,渋谷区,笹塚駅,"￥36,000","￥13,000"
https://www.hituji.jp/comret/info/tokyo/itabashi/shintoshin-tokiwadai,板橋区,ときわ台駅,"￥29,000","￥13,000"
https://www.hituji.jp/comret/info/tokyo/itabashi/space-one-narimasu,板橋区,下赤塚駅,"￥46,000","￥5,000"
https://www.hituji.jp/comret/info/tokyo/sumida/kikukawa-house-maipenrai,墨田区,菊川駅,"￥42,000",実費
https://www.hituji.jp/comret/info/tokyo/suginami/nishi-ogikubo-house-2-maipenrai,杉並区,西荻窪駅,"￥55,000",実費
https://www.hituji.jp/comret/info/tokyo/itabashi/oakhouse-shin-takashimadaira,板橋区,新高島平駅,"￥40,000","￥16,000"
https://www.hituji.jp/comret/info/tokyo/shinjuku/monthly-ryokun-nishi-shinjuku,新宿区,西新宿駅,"￥43,000","￥12,000"
https://www.hituji.jp/comret/info/tokyo/setagaya/share-soliel-higashi-matsubara,世田谷区,東松原駅,"￥53,000","￥12,000"
https://www.hituji.jp/comret/info/tokyo/itabashi/bamboo-nakaitabashi,板橋区,中板橋駅,"￥49,000","￥12,000"
https://www.hituji.jp/comret/info/tokyo/nerima/bamboo-sakuradai,練馬区,桜台駅,"￥39,000","￥12,000"
https://www.hituji.jp/comret/info/tokyo/nerima/couri-014-sakuradai,練馬区,桜台駅,"￥57,000","￥15,000"
https://www.hituji.jp/comret/info/tokyo/suginami/sharehouse-ryokun-branca-shimo-igusa,杉並区,下井草駅,"￥48,000","￥15,000"
https://www.hituji.jp/comret/info/tokyo/meguro/arukikata-house,目黒区,学芸大学駅,"￥68,000","￥12,000"
https://www.hituji.jp/comret/info/tokyo/chofu/share-place-chofu-tamagawa,調布市,京王多摩川駅,"￥56,000","￥18,000"
https://www.hituji.jp/comret/info/tokyo/setagaya/l-commu-meidai-mae,世田谷区,代田橋駅,"￥55,000","￥15,000"
https://www.hituji.jp/comret/info/tokyo/itabashi/toiro-tobu-nerima,板橋区,東武練馬駅,"￥49,000","￥15,000"
https://www.hituji.jp/comret/info/tokyo/chofu/shift-chofu,調布市,つつじヶ丘駅,"￥52,000","￥26,000"
https://www.hituji.jp/comret/info/tokyo/kiyose/hygge,清瀬市,清瀬駅,"￥52,000","￥20,000"
https://www.hituji.jp/comret/info/tokyo/taito/share-residence-ueno,台東区,鶯谷駅,"￥47,800","￥17,800"
https://www.hituji.jp/comret/info/tokyo/kokubunji/kokubunji-guesthouse,国分寺市,国分寺駅,"￥38,000","￥11,000"
https://www.hituji.jp/comret/info/tokyo/ota/livli-shin-kamata,大田区,蓮沼駅,"￥53,000","￥10,000"
https://www.hituji.jp/comret/info/tokyo/suginami/gran-nakano,杉並区,中野富士見町駅,"￥63,000","￥20,000"
https://www.hituji.jp/comret/info/tokyo/arakawa/enjoy-life-akado,荒川区,赤土小学校前駅,"￥52,000","￥10,000"
https://www.hituji.jp/comret/info/tokyo/suginami/share-residence-asagaya,杉並区,阿佐ケ谷駅,"￥52,000","￥15,000"
https://www.hituji.jp/comret/info/tokyo/edogawa/cento-anni-1,江戸川区,葛西駅,"￥63,000","￥10,000"
https://www.hituji.jp/comret/info/tokyo/minato/share-house-mita,港区,田町駅,"￥53,000","￥15,000"
https://www.hituji.jp/comret/info/tokyo/toshima/be-good-ikebukuro-honcho,豊島区,下板橋駅,"￥55,000","￥14,000"
https://www.hituji.jp/comret/info/tokyo/komae/plepace-komae,狛江市,和泉多摩川駅,"￥59,000","￥15,000"
https://www.hituji.jp/comret/info/tokyo/taito/couri-006-shin-okachimachi,台東区,新御徒町駅,"￥55,000","￥15,000"
https://www.hituji.jp/comret/info/tokyo/nerima/nerima-takuan,練馬区,平和台駅,"￥63,000","￥14,000"
https://www.hituji.jp/comret/info/tokyo/itabashi/garden-itabashi,板橋区,板橋本町駅,"￥52,000","￥16,000"
https://www.hituji.jp/comret/info/tokyo/suginami/nico-nishi-ogikubo,杉並区,西荻窪駅,"￥57,000","￥12,000"
https://www.hituji.jp/comret/info/tokyo/mitaka/premiere-kichijoji,三鷹市,井の頭公園駅,"￥53,000","￥16,000"
https://www.hituji.jp/comret/info/tokyo/bunkyo/rekicha-house-myogadani,文京区,茗荷谷駅,"￥65,000","￥14,000"
https://www.hituji.jp/comret/info/tokyo/toshima/olipo-east-ikebukuro,豊島区,大塚駅,"￥59,000","￥10,000"
https://www.hituji.jp/comret/info/tokyo/nerima/green-garden-shakujii-dai,練馬区,武蔵関駅,"￥54,000","￥12,000"
https://www.hituji.jp/comret/info/tokyo/ota/ookayama-stays,大田区,大岡山駅,"￥66,000","￥15,000"
https://www.hituji.jp/comret/info/tokyo/nakano/nakano-sakaue,中野区,中野坂上駅,"￥55,000","￥12,000"
https://www.hituji.jp/comret/info/tokyo/koto/the-earth-minami-suna,江東区,南砂町駅,"￥54,000","￥16,000"
https://www.hituji.jp/comret/info/tokyo/setagaya/ani-share-chitose-funabashi-hermitage,世田谷区,千歳船橋駅,"￥54,000","￥10,000"
https://www.hituji.jp/comret/info/tokyo/katsushika/ani-share-higasi-kanamachi-casa-ciero,葛飾区,金町駅,"￥54,000","￥10,000"
https://www.hituji.jp/comret/info/tokyo/musashino/libest-house-kichijoji-higashicho,武蔵野市,吉祥寺駅,"￥53,500","￥13,000"
https://www.hituji.jp/comret/info/tokyo/shinjuku/wood-pack-higashi-shinjuku,新宿区,東新宿駅,"￥65,000",￥0
https://www.hituji.jp/comret/info/tokyo/toshima/couri-026-ikebukuro,豊島区,要町駅,"￥62,000","￥15,000"
https://www.hituji.jp/comret/info/tokyo/hachioji/hachioujitenjincho-omoya,八王子市,八王子駅,"￥55,000","￥15,000"
https://www.hituji.jp/comret/info/tokyo/sumida/couverture-kinshicho,墨田区,錦糸町駅,"￥59,000","￥14,000"
https://www.hituji.jp/comret/info/tokyo/ota/couverture-den-en-chofu-minami,大田区,沼部駅,"￥54,000","￥14,000"
https://www.hituji.jp/comret/info/tokyo/ota/couverture-heiwajima,大田区,平和島駅,"￥54,000","￥14,000"
https://www.hituji.jp/comret/info/tokyo/sumida/kyoujima-yuzu-terrace,墨田区,京成曳舟駅,"￥62,000","￥15,000"
https://www.hituji.jp/comret/info/tokyo/sumida/bowhouse-ryogoku,墨田区,両国駅,"￥67,000","￥12,000"
https://www.hituji.jp/comret/info/tokyo/ota/crann-terrace-kugahara,大田区,御嶽山駅,"￥59,800","￥15,000"
https://www.hituji.jp/comret/info/tokyo/setagaya/bow-house-sakura-shinmachi,世田谷区,桜新町駅,"￥60,000","￥10,000"
https://www.hituji.jp/comret/info/tokyo/kunitachi/kotona-house,国立市,谷保駅,"￥55,000","￥10,000"
https://www.hituji.jp/comret/info/tokyo/ota/first-house-haneda,大田区,大鳥居駅,"￥54,000","￥18,000"
https://www.hituji.jp/comret/info/tokyo/shibuya/share-soliel-ebisu,渋谷区,広尾駅,"￥55,000","￥12,000"
https://www.hituji.jp/comret/info/tokyo/toshima/couverture-sugamo,豊島区,巣鴨駅,"￥68,000","￥14,000"
https://www.hituji.jp/comret/info/tokyo/taito/frame-house-asakusa,台東区,浅草駅,"￥82,000","￥15,000"
https://www.hituji.jp/comret/info/tokyo/shibuya/stylio-with-daikan-yama,渋谷区,代官山駅,"￥77,000","￥15,000"
https://www.hituji.jp/comret/info/tokyo/shinagawa/crann-terrace-shinagawa,品川区,大井町駅,"￥75,000","￥15,000"
https://www.hituji.jp/comret/info/tokyo/suginami/well-blend-asagaya,杉並区,阿佐ケ谷駅,"￥82,000","￥8,000"
https://www.hituji.jp/comret/info/tokyo/shibuya/the-share,渋谷区,原宿駅,"￥98,000","￥18,000"
https://www.hituji.jp/comret/info/tokyo/toshima/takara-ship-kita-ikebukuro,豊島区,北池袋駅,"￥59,000","￥14,000"
https://www.hituji.jp/comret/info/tokyo/setagaya/share-jiyuugaoka,世田谷区,奥沢駅,"￥71,000","￥12,000"
https://www.hituji.jp/comret/info/tokyo/ota/shareplace-denenchofu-minami,大田区,沼部駅,"￥73,000","￥18,000"
https://www.hituji.jp/comret/info/tokyo/mitaka/thefinest-mitakadai,三鷹市,三鷹台駅,"￥65,000","￥16,000"
https://www.hituji.jp/comret/info/tokyo/kita/comreziakabane-student,北区,赤羽駅,"￥72,000","￥21,000"
https://www.hituji.jp/comret/info/tokyo/suginami/plow-and-co,杉並区,荻窪駅,"￥73,000","￥15,000"
https://www.hituji.jp/comret/info/tokyo/shinjuku/arden-shinjuku,新宿区,大久保駅,"￥77,000","￥16,000"
https://www.hituji.jp/comret/info/tokyo/shibuya/collective-residence-ebisu,渋谷区,恵比寿駅,"￥84,000","￥7,000"
https://www.hituji.jp/comret/info/tokyo/meguro/sustia-kakinokizaka,目黒区,都立大学駅,"￥87,000","￥13,000"
https://www.hituji.jp/comret/info/tokyo/chiyoda/the-c,千代田区,小川町駅,"￥103,000","￥18,000"
https://www.hituji.jp/comret/info/tokyo/kita/comreziakabane,北区,赤羽駅,"￥118,000","￥24,000"
https://www.hituji.jp/comret/info/tokyo/toshima/flat-share-kitaikebukuro-port,豊島区,北池袋駅,"￥58,000","￥12,000"
https://www.hituji.jp/comret/info/tokyo/mitaka/share-place-mitaka,三鷹市,武蔵境駅,"￥68,000","￥18,000"
https://www.hituji.jp/comret/info/tokyo/nakano/weird-pack,中野区,中野駅,"￥66,000",￥0
https://www.hituji.jp/comret/info/tokyo/setagaya/share-place-kyodo,世田谷区,千歳船橋駅,"￥69,000","￥18,000"
https://www.hituji.jp/comret/info/tokyo/setagaya/bepark-soshigaya-okura,世田谷区,祖師ヶ谷大蔵駅,"￥56,000","￥13,000"
https://www.hituji.jp/comret/info/tokyo/meguro/gran-gakugei-daigaku,目黒区,西小山駅,"￥78,000","￥20,000"
https://www.hituji.jp/comret/info/tokyo/setagaya/share-place-meidaimae,世田谷区,明大前駅,"￥74,000","￥18,000"
https://www.hituji.jp/comret/info/tokyo/taito/art-house-ueno-shinobazu,台東区,根津駅,"￥57,000","￥15,000"
https://www.hituji.jp/comret/info/tokyo/ota/frame-house-senzoku-ike,大田区,洗足池駅,"￥63,000","￥15,000"
https://www.hituji.jp/comret/info/tokyo/toshima/ryozan-park,豊島区,巣鴨駅,"￥82,000","￥18,000"
https://www.hituji.jp/comret/info/tokyo/sumida/park-axis-kinshicho-styles,墨田区,菊川駅,"￥95,000","￥15,000"
https://www.hituji.jp/comret/info/tokyo/shibuya/chezvia-ebisu,渋谷区,恵比寿駅,"￥99,000","￥18,000"
https://www.hituji.jp/comret/info/tokyo/chuo/beaker-nihombashi-ningyocho,中央区,人形町駅,"￥100,000","￥18,000"
https://www.hituji.jp/comret/info/tokyo/kita/arden-higashi-jujo,北区,東十条駅,"￥63,000","￥16,000"
https://www.hituji.jp/comret/info/tokyo/shinagawa/avenue-nishi-koyama,品川区,西小山駅,"￥64,000","￥14,000"
https://www.hituji.jp/comret/info/tokyo/mitaka/oakhouse-kichijoji3,三鷹市,井の頭公園駅,"￥56,000","￥16,000"
https://www.hituji.jp/comret/info/tokyo/nakano/wabisabi-house,中野区,中野富士見町駅,"￥58,000","￥15,000"
https://www.hituji.jp/comret/info/tokyo/musashino/mitaka-ekimae,武蔵野市,三鷹駅,"￥62,000","￥10,000"
https://www.hituji.jp/comret/info/tokyo/shinagawa/jf-house-shinagawa-garden,品川区,新馬場駅,"￥58,000","￥15,000"
https://www.hituji.jp/comret/info/tokyo/arakawa/minamisenjyu-with-garage-b-share,荒川区,三ノ輪橋駅,"￥55,000","￥23,000"
https://www.hituji.jp/comret/info/tokyo/sumida/ryougoku-share-tenkuu-no-nakaniwa,墨田区,両国駅,"￥68,000","￥15,000"
https://www.hituji.jp/comret/info/tokyo/koto/tokyo-gaming-share-house-1,江東区,南砂町駅,"￥70,000","￥15,000"
https://www.hituji.jp/comret/info/tokyo/suginami/note-and-rest,杉並区,新高円寺駅,"￥64,000","￥18,900"
https://www.hituji.jp/comret/info/tokyo/setagaya/sharela-komazawa,世田谷区,駒沢大学駅,"￥87,000","￥7,000"
https://www.hituji.jp/comret/info/tokyo/shinjuku/arden-higashi-shinjuku,新宿区,東新宿駅,"￥78,000","￥16,000"
https://www.hituji.jp/comret/info/tokyo/minato/tokyo-sync-akasaka,港区,赤坂駅,"￥93,000","￥18,000"
https://www.hituji.jp/comret/info/tokyo/setagaya/shareplace-shimokitazawa,世田谷区,池ノ上駅,"￥83,000","￥18,000"
https://www.hituji.jp/comret/info/tokyo/sumida/arden-kinshicho,墨田区,錦糸町駅,"￥62,000","￥15,000"
https://www.hituji.jp/comret/info/tokyo/shinjuku/community-house-masobi,新宿区,面影橋駅,"￥67,000","￥15,000"
https://www.hituji.jp/comret/info/tokyo/kita/oak-house-akabane,北区,志茂駅,"￥54,000","￥16,000"
https://www.hituji.jp/comret/info/tokyo/setagaya/shimokitazawa-pinos,世田谷区,下北沢駅,"￥72,000","￥10,000"
https://www.hituji.jp/comret/info/tokyo/nakano/mikijuku,中野区,中野坂上駅,"￥75,000","￥12,000"
https://www.hituji.jp/comret/info/tokyo/shibuya/share-house-silva-sasazuka,渋谷区,笹塚駅,"￥69,000","￥15,000"
https://www.hituji.jp/comret/info/tokyo/sumida/share-villa-oshiage-sky-tree,墨田区,曳舟駅,"￥68,000","￥12,000"
https://www.hituji.jp/comret/info/tokyo/suginami/roof-meidaimae,杉並区,代田橋駅,"￥69,000","￥15,000"
https://www.hituji.jp/comret/info/tokyo/setagaya/shareplace-komazawa,世田谷区,駒沢大学駅,"￥77,000","￥18,000"
https://www.hituji.jp/comret/info/tokyo/chuo/mache-tsukiji,中央区,築地駅,"￥73,000","￥10,000"
https://www.hituji.jp/comret/info/tokyo/taito/maison-dawk-shin-okachimachi,台東区,新御徒町駅,"￥66,000","￥10,000"
https://www.hituji.jp/comret/info/tokyo/setagaya/couri-028-nico,世田谷区,上野毛駅,"￥60,000","￥17,000"
https://www.hituji.jp/comret/info/tokyo/mitaka/fine-maison-mitakadai,三鷹市,三鷹台駅,"￥63,000","￥14,000"
https://www.hituji.jp/comret/info/tokyo/mitaka/the-share-39,三鷹市,三鷹台駅,"￥60,000","￥15,000"
https://www.hituji.jp/comret/info/tokyo/adachi/arden-kita-senju,足立区,北千住駅,"￥58,000","￥13,000"
https://www.hituji.jp/comret/info/tokyo/koto/begood-toyocho-eki-mae,江東区,東陽町駅,"￥57,000","￥14,000"
https://www.hituji.jp/comret/info/tokyo/setagaya/olive-house-sangen-jaya,世田谷区,三軒茶屋駅,"￥59,000","￥12,000"
https://www.hituji.jp/comret/info/tokyo/taito/fresh-share-asakusabashi,台東区,浅草橋駅,"￥66,000","￥15,000"
https://www.hituji.jp/comret/info/tokyo/taito/maison-yanesen,台東区,千駄木駅,"￥80,000","￥10,000"
https://www.hituji.jp/comret/info/tokyo/itabashi/otowa-kotake-mukaihara,板橋区,小竹向原駅,"￥66,000","￥15,000"
https://www.hituji.jp/comret/info/tokyo/meguro/hotaru-tei-toritsu-daigaku,目黒区,都立大学駅,"￥66,000","￥10,000"
https://www.hituji.jp/comret/info/tokyo/toshima/leaf-hills-tokyo-kanamecho,豊島区,要町駅,"￥56,000","￥12,000"
https://www.hituji.jp/comret/info/tokyo/itabashi/freshroom-cleho-shimo-akatsuka,板橋区,下赤塚駅,"￥65,000","￥12,000"
https://www.hituji.jp/comret/info/tokyo/taito/fureai-life-uguisudani,台東区,鶯谷駅,"￥64,000","￥16,000"
https://www.hituji.jp/comret/info/tokyo/setagaya/rt-apartment-sangenjaya,世田谷区,三軒茶屋駅,"￥78,000","￥10,000"
https://www.hituji.jp/comret/info/tokyo/setagaya/share-terrace-soshigaya-okura,世田谷区,祖師ヶ谷大蔵駅,"￥73,000","￥12,000"
https://www.hituji.jp/comret/info/tokyo/meguro/19-block-naka-meguro,目黒区,中目黒駅,"￥77,000","￥10,000"
https://www.hituji.jp/comret/info/tokyo/suginami/freshroom-asagaya,杉並区,阿佐ケ谷駅,"￥70,000","￥12,000"
https://www.hituji.jp/comret/info/tokyo/shibuya/ebisu-no-ie,渋谷区,恵比寿駅,"￥120,000","￥22,000"
https://www.hituji.jp/comret/info/tokyo/minato/arden-motoazabu,港区,麻布十番駅,"￥103,000","￥18,000"
https://www.hituji.jp/comret/info/tokyo/meguro/techresidence-jiyugaoka,目黒区,自由が丘駅,"￥98,000","￥18,000"
https://www.hituji.jp/comret/info/tokyo/shibuya/leaf-court-plus,渋谷区,幡ヶ谷駅,"￥115,000",
https://www.hituji.jp/comret/info/tokyo/shinagawa/friendship-apt,品川区,鮫洲駅,"￥65,000","￥10,000"
https://www.hituji.jp/comret/info/tokyo/shibuya/finemaison-sasazuka,渋谷区,幡ヶ谷駅,"￥75,000","￥15,000"
https://www.hituji.jp/comret/info/tokyo/shinjuku/compartir-shinjuku,新宿区,曙橋駅,"￥70,000","￥17,000"
https://www.hituji.jp/comret/info/tokyo/koto/couverture-monzen-nakacho,江東区,木場駅,"￥69,000","￥16,000"
https://www.hituji.jp/comret/info/tokyo/koto/popote-sumiyoshi,江東区,住吉駅,"￥63,000","￥15,000"
https://www.hituji.jp/comret/info/tokyo/nerima/x-garden-sakuradai,練馬区,桜台駅,"￥65,000","￥15,000"
https://www.hituji.jp/comret/info/tokyo/edogawa/share-house-kasai,江戸川区,葛西駅,"￥58,000","￥12,000"
https://www.hituji.jp/comret/info/tokyo/chuo/stroll-nihombashi,中央区,人形町駅,"￥64,000","￥12,000"
https://www.hituji.jp/comret/info/tokyo/shibuya/oak-house-sasazuka,渋谷区,笹塚駅,"￥70,000","￥16,000"
https://www.hituji.jp/comret/info/tokyo/chuo/couverture-nihombashi-hamacho,中央区,浜町駅,"￥64,000","￥14,000"
https://www.hituji.jp/comret/info/tokyo/setagaya/share-soleil-hanegi,世田谷区,東松原駅,"￥68,000","￥14,000"
https://www.hituji.jp/comret/info/tokyo/bunkyo/aogiri-koishikawa,文京区,茗荷谷駅,"￥65,000","￥10,000"
https://www.hituji.jp/comret/info/tokyo/tachikawa/oak-house-tachikawa-eki-mae,立川市,立川駅,"￥61,000","￥16,000"
https://www.hituji.jp/comret/info/tokyo/suginami/maxis-sharehouse,杉並区,方南町駅,"￥59,000","￥14,000"
https://www.hituji.jp/comret/info/tokyo/meguro/sou-komaba-todai,目黒区,駒場東大前駅,"￥59,000","￥15,000"
https://www.hituji.jp/comret/info/tokyo/shinagawa/jf-house-oosaki-work-city,品川区,新馬場駅,"￥62,000","￥18,000"
https://www.hituji.jp/comret/info/tokyo/shibuya/couverture-yoyogi-koen,渋谷区,代々木八幡駅,"￥77,000","￥16,000"
https://www.hituji.jp/comret/info/tokyo/suginami/gran-kugayama,杉並区,久我山駅,"￥97,000","￥22,000"
https://www.hituji.jp/comret/info/tokyo/ota/honu-village,大田区,大鳥居駅,"￥51,000","￥15,000"
https://www.hituji.jp/comret/info/tokyo/ota/first-house-omori,大田区,大森駅,"￥57,000","￥20,000"
https://www.hituji.jp/comret/info/tokyo/toshima/couverture-kita-otsuka-2,豊島区,巣鴨新田駅,"￥62,000","￥13,000"
https://www.hituji.jp/comret/info/tokyo/suginami/hidamari,杉並区,西永福駅,"￥60,000","￥10,000"
https://www.hituji.jp/comret/info/tokyo/nakano/spica,中野区,落合駅,"￥64,000","￥10,000"
https://www.hituji.jp/comret/info/tokyo/chuo/fine-maison-kachidoki,中央区,勝どき駅,"￥67,000","￥17,000"
https://www.hituji.jp/comret/info/tokyo/shibuya/sante-yoyogi-uehara,渋谷区,代々木上原駅,"￥70,000","￥12,000"
https://www.hituji.jp/comret/info/tokyo/musashino/come-on-up-kichijoji,武蔵野市,三鷹台駅,"￥68,000","￥10,000"
https://www.hituji.jp/comret/info/tokyo/suginami/begood-meidaimae,杉並区,明大前駅,"￥59,000","￥14,000"
https://www.hituji.jp/comret/info/tokyo/sumida/pismo-kinshicho,墨田区,錦糸町駅,"￥60,000","￥12,000"
https://www.hituji.jp/comret/info/tokyo/meguro/meguro-no-share-house-amane,目黒区,目黒駅,"￥75,000","￥13,000"
https://www.hituji.jp/comret/info/tokyo/shibuya/ebisu-sanchome-no-ie,渋谷区,恵比寿駅,"￥79,000","￥16,000"
https://www.hituji.jp/comret/info/tokyo/meguro/tech-residence-meguro-mita,目黒区,目黒駅,"￥155,000","￥18,000"
https://www.hituji.jp/comret/info/tokyo/minato/omote-sando-no-ie,港区,表参道駅,"￥89,000","￥17,000"
https://www.hituji.jp/comret/info/tokyo/shibuya/villa-shibuya-kamiyamacho,渋谷区,渋谷駅,"￥66,000","￥15,000"
https://www.hituji.jp/comret/info/tokyo/setagaya/jamhouse-kai,世田谷区,駒沢大学駅,"￥62,000",￥0
https://www.hituji.jp/comret/info/tokyo/chuo/kizunaya-sharehouse-nolla-tsukiji,中央区,築地駅,"￥63,000","￥17,000"
https://www.hituji.jp/comret/info/tokyo/sumida/creativehouse-bunka,墨田区,小村井駅,"￥64,000","￥15,000"
https://www.hituji.jp/comret/info/tokyo/nakano/bells-heim,中野区,中野坂上駅,"￥59,000","￥10,000"
https://www.hituji.jp/comret/info/tokyo/toshima/be-good-ikebukuro-2,豊島区,池袋駅,"￥68,000","￥14,000"
https://www.hituji.jp/comret/info/tokyo/musashino/iori-kichijoji,武蔵野市,吉祥寺駅,"￥62,000","￥10,000"
https://www.hituji.jp/comret/info/tokyo/setagaya/be-good-shimokitazawa,世田谷区,東北沢駅,"￥69,000","￥14,000"
https://www.hituji.jp/comret/info/tokyo/koto/come-on-up-fukagawa,江東区,東陽町駅,"￥71,000","￥10,000"
https://www.hituji.jp/comret/info/tokyo/shibuya/arden-ebisu,渋谷区,恵比寿駅,"￥82,000","￥12,000"
https://www.hituji.jp/comret/info/tokyo/meguro/meguro-ekichika,目黒区,目黒駅,"￥63,000","￥10,000"
https://www.hituji.jp/comret/info/tokyo/ota/come-on-up-sanno,大田区,大森駅,"￥60,000",実費
https://www.hituji.jp/comret/info/tokyo/chuo/alfastyle-kayaba-cho,中央区,茅場町駅,"￥62,500","￥15,000"
https://www.hituji.jp/comret/info/tokyo/toshima/oak-house-kita-otsuka-2,豊島区,大塚駅,"￥58,000","￥16,000"
https://www.hituji.jp/comret/info/tokyo/arakawa/the-earth-nippori,荒川区,西日暮里駅,"￥63,000","￥16,000"
https://www.hituji.jp/comret/info/tokyo/toshima/mate-ikebukuro,豊島区,池袋駅,"￥85,000","￥22,000"
https://www.hituji.jp/comret/info/tokyo/setagaya/come-on-up-komazawa-daigaku,世田谷区,駒沢大学駅,"￥66,000","￥10,000"
https://www.hituji.jp/comret/info/tokyo/shibuya/tech-residence-ebisu,渋谷区,恵比寿駅,"￥117,000","￥18,000"
https://www.hituji.jp/comret/info/tokyo/minato/avance-toranomon,港区,虎ノ門駅,"￥62,000","￥10,000"
https://www.hituji.jp/comret/info/tokyo/taito/oakhouse-asakusa-street,台東区,田原町駅,"￥62,000","￥16,000"
https://www.hituji.jp/comret/info/tokyo/chuo/l-commu-kayabacho,中央区,八丁堀駅,"￥75,000","￥15,000"
https://www.hituji.jp/comret/info/tokyo/arakawa/premier-machiya,荒川区,町屋駅,"￥61,000","￥16,000"
https://www.hituji.jp/comret/info/tokyo/shinjuku/flat-share-okubo-campus-2,新宿区,大久保駅,"￥59,000","￥14,000"
https://www.hituji.jp/comret/info/tokyo/ota/come-on-up-yukigaya-otsuka,大田区,石川台駅,"￥71,000","￥10,000"
https://www.hituji.jp/comret/info/tokyo/koto/come-on-up-sumiyoshi,江東区,住吉駅,"￥66,000","￥10,000"
https://www.hituji.jp/comret/info/tokyo/setagaya/kuriiro-kami-kitazawa,世田谷区,上北沢駅,"￥66,000",実費
https://www.hituji.jp/comret/info/tokyo/suginami/eifuku-3-himawari,杉並区,永福町駅,"￥70,000","￥10,000"
https://www.hituji.jp/comret/info/tokyo/koto/come-on-up-monzen-nakacho,江東区,門前仲町駅,"￥69,000","￥10,000"
https://www.hituji.jp/comret/info/tokyo/setagaya/jamhouse-amaterasu,世田谷区,駒沢大学駅,"￥72,000",￥0
https://www.hituji.jp/comret/info/tokyo/meguro/bamboo-naka-meguro,目黒区,中目黒駅,"￥66,000","￥12,000"
https://www.hituji.jp/comret/info/tokyo/shinjuku/cube-one,新宿区,東新宿駅,"￥63,000","￥9,000"
https://www.hituji.jp/comret/info/tokyo/ota/come-on-up-yaguchi-no-watashi,大田区,矢口渡駅,"￥65,000",実費
https://www.hituji.jp/comret/info/tokyo/suginami/kiki-ogikubo,杉並区,井荻駅,"￥69,000","￥10,000"
https://www.hituji.jp/comret/info/tokyo/mitaka/gran-mitakadai,三鷹市,三鷹台駅,"￥73,000","￥20,000"
https://www.hituji.jp/comret/info/tokyo/setagaya/tech-residence-beta-futako-tamagawa,世田谷区,二子玉川駅,"￥93,000","￥15,000"
https://www.hituji.jp/comret/info/tokyo/suginami/ecology-residence-shin-koenji,杉並区,新高円寺駅,"￥64,000","￥14,000"
https://www.hituji.jp/comret/info/tokyo/taito/come-on-up-asakusa-kuramae,台東区,蔵前駅,"￥77,000","￥10,000"
https://www.hituji.jp/comret/info/tokyo/chuo/premiere-nihombashi-hamacho,中央区,人形町駅,"￥74,000","￥16,000"
https://www.hituji.jp/comret/info/tokyo/tama/share-place-seiseki-sakuragaoka,多摩市,聖蹟桜ヶ丘駅, -, -
https://www.hituji.jp/comret/info/tokyo/sumida/couri016-ryogoku,墨田区,両国駅, -, -
https://www.hituji.jp/comret/info/tokyo/shinjuku/modelia-colors-wakamatsucho,新宿区,早稲田駅, -, -
https://www.hituji.jp/comret/info/tokyo/katsushika/manoa-five,葛飾区,金町駅, -, -
https://www.hituji.jp/comret/info/tokyo/edogawa/house-zoo-5bankan,江戸川区,京成小岩駅, -, -
https://www.hituji.jp/comret/info/tokyo/musashino/co-living-kichijoji,武蔵野市,西荻窪駅, -, -
https://www.hituji.jp/comret/info/tokyo/adachi/fika-house,足立区,西新井駅, -, -
https://www.hituji.jp/comret/info/tokyo/adachi/share-residence-aoi,足立区,青井駅, -, -
https://www.hituji.jp/comret/info/tokyo/toshima/otsuka-takuan,豊島区,大塚駅, -, -
https://www.hituji.jp/comret/info/tokyo/kita/cube-2,北区,王子神谷駅, -, -
https://www.hituji.jp/comret/info/tokyo/toshima/guesthouse-dorm-kita-otsuka,豊島区,大塚駅, -, -
https://www.hituji.jp/comret/info/tokyo/toshima/ittou-otsuka,豊島区,大塚駅, -, -
https://www.hituji.jp/comret/info/tokyo/setagaya/yane-to-akari,世田谷区,経堂駅, -, -
https://www.hituji.jp/comret/info/tokyo/edogawa/l-commu-mizue,江戸川区,瑞江駅, -, -
https://www.hituji.jp/comret/info/tokyo/mitaka/do-min-go-inokashira-2,三鷹市,三鷹台駅, -, -
https://www.hituji.jp/comret/info/tokyo/katsushika/share-reside-tateishi,葛飾区,京成立石駅, -, -
https://www.hituji.jp/comret/info/tokyo/adachi/share-house-takenotsuka-coffee-kan,足立区,竹ノ塚駅, -, -
https://www.hituji.jp/comret/info/tokyo/tokyo-other/pirates-house-izu-oshima,その他,パイレーツハウス 伊豆大島, -, -
https://www.hituji.jp/comret/info/tokyo/fuchu/santa-mare,府中市,多磨霊園駅, -, -
https://www.hituji.jp/comret/info/tokyo/mitaka/mitaka-sharehouse-gakuya,三鷹市,武蔵境駅, -, -
https://www.hituji.jp/comret/info/tokyo/nerima/akari-ya-tobu-nerima,練馬区,東武練馬駅, -, -
https://www.hituji.jp/comret/info/tokyo/katsushika/up-stage-kameari,葛飾区,亀有駅, -, -
https://www.hituji.jp/comret/info/tokyo/hachioji/taos-hotel,八王子市,北八王子駅, -, -
https://www.hituji.jp/comret/info/tokyo/katsushika/dk-tokyo,葛飾区,新小岩駅, -, -
https://www.hituji.jp/comret/info/tokyo/edogawa/flat-share-koiwa-campas,江戸川区,京成小岩駅, -, -
https://www.hituji.jp/comret/info/tokyo/ota/chezelle-8,大田区,武蔵新田駅, -, -
https://www.hituji.jp/comret/info/tokyo/ota/famille,大田区,雪が谷大塚駅, -, -
https://www.hituji.jp/comret/info/tokyo/ota/live-garden,大田区,糀谷駅, -, -
https://www.hituji.jp/comret/info/tokyo/ota/nouvelle-vague,大田区,梅屋敷駅, -, -
https://www.hituji.jp/comret/info/tokyo/nishitokyo/zo-house,西東京市,田無駅, -, -
https://www.hituji.jp/comret/info/tokyo/nerima/commure-shakujii-koen,練馬区,石神井公園駅, -, -
https://www.hituji.jp/comret/info/tokyo/adachi/premier-ayase,足立区,綾瀬駅, -, -
https://www.hituji.jp/comret/info/tokyo/koganei/ricca-musashi-koganei,小金井市,武蔵小金井駅, -, -
https://www.hituji.jp/comret/info/tokyo/toshima/share-vie-partition,豊島区,西巣鴨駅, -, -
https://www.hituji.jp/comret/info/tokyo/chofu/house-zoo-2bankan,調布市,西調布駅, -, -
https://www.hituji.jp/comret/info/tokyo/nerima/house-zoo-3bankan,練馬区,東武練馬駅, -, -
https://www.hituji.jp/comret/info/tokyo/koganei/koganei-midori,小金井市,東小金井駅, -, -
https://www.hituji.jp/comret/info/tokyo/kita/couverture-akabane-nishi,北区,本蓮沼駅,"￥38,000","￥13,000"
https://www.hituji.jp/comret/info/tokyo/shinjuku/prune-kami-ochiai,新宿区,落合駅, -, -
https://www.hituji.jp/comret/info/tokyo/sumida/lelubox-higashi-mukojima,墨田区,東向島駅, -, -
https://www.hituji.jp/comret/info/tokyo/setagaya/umegaoka-flat,世田谷区,梅ヶ丘駅, -, -
https://www.hituji.jp/comret/info/tokyo/arakawa/residencia-higashinippori,荒川区,三ノ輪駅, -, -
https://www.hituji.jp/comret/info/tokyo/ota/nichio-senzoku-ike-house,大田区,洗足池駅, -, -
https://www.hituji.jp/comret/info/tokyo/edogawa/casa-azzurro,江戸川区,新小岩駅, -, -
https://www.hituji.jp/comret/info/tokyo/toshima/goco-ikebukuro-honcho,豊島区,下板橋駅, -, -
https://www.hituji.jp/comret/info/tokyo/itabashi/share-vie-oyama,板橋区,大山駅, -, -
https://www.hituji.jp/comret/info/tokyo/adachi/heart-terrace-kameari-share-lights,足立区,亀有駅, -, -
https://www.hituji.jp/comret/info/tokyo/koto/nine-stage,江東区,東陽町駅, -, -
https://www.hituji.jp/comret/info/tokyo/ota/premium-court-kamata,大田区,蒲田駅, -, -
https://www.hituji.jp/comret/info/tokyo/komae/bells-komae,狛江市,喜多見駅, -, -
https://www.hituji.jp/comret/info/tokyo/kokubunji/kokubunji-share-house-ongakuya,国分寺市,国分寺駅, -, -
https://www.hituji.jp/comret/info/tokyo/nerima/hello-life-kami-igusa,練馬区,上井草駅, -, -
https://www.hituji.jp/comret/info/tokyo/arakawa/hello-life-arakawa-yuen,荒川区,荒川遊園地前駅, -, -
https://www.hituji.jp/comret/info/tokyo/hino/hestia-hills-hodokubo,日野市,程久保駅, -, -
https://www.hituji.jp/comret/info/tokyo/itabashi/hygge-tobu-nerima,板橋区,東武練馬駅, -, -
https://www.hituji.jp/comret/info/tokyo/nerima/bella-collina,練馬区,桜台駅, -, -
https://www.hituji.jp/comret/info/tokyo/ota/canale-omori-minami,大田区,昭和島駅, -, -
https://www.hituji.jp/comret/info/tokyo/kita/la-festa-kitaikebukuro-1,北区,西巣鴨駅, -, -
https://www.hituji.jp/comret/info/tokyo/koto/dplace-sunamatiginza,江東区,大島駅, -, -
https://www.hituji.jp/comret/info/tokyo/itabashi/plesanthouse-akatuka,板橋区,下赤塚駅, -, -
https://www.hituji.jp/comret/info/tokyo/suginami/little-asagaya,杉並区,南阿佐ケ谷駅, -, -
https://www.hituji.jp/comret/info/tokyo/kodaira/sh55-seibu-hitotubashi-gakuen,小平市,一橋学園駅, -, -
https://www.hituji.jp/comret/info/tokyo/itabashi/umbrella-nishidai,板橋区,東武練馬駅, -, -
https://www.hituji.jp/comret/info/tokyo/taito/ueno-house,台東区,入谷駅, -, -
https://www.hituji.jp/comret/info/tokyo/katsushika/dream-share-house-horikiri-shobuen,葛飾区,堀切菖蒲園駅, -, -
https://www.hituji.jp/comret/info/tokyo/shinjuku/waseda-house,新宿区,面影橋駅, -, -
https://www.hituji.jp/comret/info/tokyo/ota/kita-magome1,大田区,荏原町駅, -, -
https://www.hituji.jp/comret/info/tokyo/koto/alfastyle-morishita,江東区,森下駅, -, -
https://www.hituji.jp/comret/info/tokyo/itabashi/apartments-kanekoya,板橋区,板橋本町駅, -, -
https://www.hituji.jp/comret/info/tokyo/koto/ts-sunamachi-ginza,江東区,西大島駅, -, -
https://www.hituji.jp/comret/info/tokyo/suginami/hello-life-sakurajousui,杉並区,桜上水駅, -, -
https://www.hituji.jp/comret/info/tokyo/ota/urban-house,大田区,武蔵新田駅, -, -
https://www.hituji.jp/comret/info/tokyo/kodaira/hestia-brown-ogawa,小平市,鷹の台駅, -, -
https://www.hituji.jp/comret/info/tokyo/adachi/tabinity,足立区,谷在家駅, -, -
https://www.hituji.jp/comret/info/tokyo/adachi/park-house-iriya,足立区,舎人公園駅, -, -
https://www.hituji.jp/comret/info/tokyo/nakano/hello-life-nakano,中野区,中野新橋駅, -, -
https://www.hituji.jp/comret/info/tokyo/itabashi/pleasant-house-narimasu,板橋区,成増駅, -, -
https://www.hituji.jp/comret/info/tokyo/nerima/la-maison-nerima-fujimidai,練馬区,中村橋駅, -, -
https://www.hituji.jp/comret/info/tokyo/itabashi/sunlit-kotakemukaihara,板橋区,小竹向原駅, -, -
https://www.hituji.jp/comret/info/tokyo/nakano/modern-living-nakano-i,中野区,野方駅, -, -
https://www.hituji.jp/comret/info/tokyo/koto/freshroom-ojima,江東区,大島駅, -, -
https://www.hituji.jp/comret/info/tokyo/arakawa/bamboo-fujimi,荒川区,日暮里駅, -, -
https://www.hituji.jp/comret/info/tokyo/arakawa/will-share-machiya,荒川区,町屋駅, -, -
https://www.hituji.jp/comret/info/tokyo/katsushika/ohanajaya-house,葛飾区,お花茶屋駅, -, -
https://www.hituji.jp/comret/info/tokyo/shibuya/antique-jingu-mae,渋谷区,原宿駅, -, -
https://www.hituji.jp/comret/info/tokyo/suginami/tokyo-maison-asagaya,杉並区,下井草駅, -, -
https://www.hituji.jp/comret/info/tokyo/nerima/hikawadai-house,練馬区,氷川台駅, -, -
https://www.hituji.jp/comret/info/tokyo/adachi/adachi-forest,足立区,見沼代親水公園駅, -, -
https://www.hituji.jp/comret/info/tokyo/arakawa/hello-life-machiya,荒川区,町屋駅, -, -
https://www.hituji.jp/comret/info/tokyo/adachi/share-house-amore-takenotsuka,足立区,竹ノ塚駅, -, -
https://www.hituji.jp/comret/info/tokyo/shinjuku/wise-house-akebonobashi,新宿区,曙橋駅, -, -
https://www.hituji.jp/comret/info/tokyo/itabashi/manabiya-oyama,板橋区,大山駅, -, -
https://www.hituji.jp/comret/info/tokyo/sumida/freshroom-morishita,墨田区,森下駅, -, -
https://www.hituji.jp/comret/info/tokyo/ota/ikegami-guesthouse,大田区,池上駅, -, -
https://www.hituji.jp/comret/info/tokyo/bunkyo/tokyostay-gokokuji,文京区,護国寺駅, -, -
https://www.hituji.jp/comret/info/tokyo/komae/wood-creek,狛江市,喜多見駅, -, -
https://www.hituji.jp/comret/info/tokyo/adachi/palette,足立区,竹ノ塚駅, -, -
https://www.hituji.jp/comret/info/tokyo/setagaya/setagaya-house,世田谷区,等々力駅, -, -
https://www.hituji.jp/comret/info/tokyo/itabashi/house-kotake-mukaihara,板橋区,小竹向原駅, -, -
https://www.hituji.jp/comret/info/tokyo/suginami/willfu-startup-village,杉並区,西荻窪駅, -, -
https://www.hituji.jp/comret/info/tokyo/katsushika/circle-house-shibamata,葛飾区,柴又駅, -, -
https://www.hituji.jp/comret/info/tokyo/koto/be-good-ojima,江東区,大島駅, -, -
https://www.hituji.jp/comret/info/tokyo/nakano/hatagaya-share,中野区,幡ヶ谷駅, -, -
https://www.hituji.jp/comret/info/tokyo/suginami/share-house-hidamari-ogikubo,杉並区,荻窪駅, -, -
https://www.hituji.jp/comret/info/tokyo/nerima/share-house-hidamari-shakujii,練馬区,石神井公園駅, -, -
